id;sexe;date_naissance;lieu_naissance;nationalite;telephone
1;FEMININ;2023-09-05T13:14:28;online Towels New;Mews Regional;484.686.5657
2;FEMININ;2023-09-05T22:57:11;Clothing Ergonomic;B2B Toys Taka;325.496.9504 x4608
3;FEMININ;2023-09-05T03:12:24;static full-range Dynamic;haptic responsive Principal;731.846.0942
4;FEMININ;2023-09-05T21:31:18;Cotton Colorado Ergonomic;Account Gloves Ball;242.613.0425
5;MASCULIN;2023-09-05T13:56:34;interface Intelligent Quetzal;Liaison;1-703-936-2954 x86365
6;FEMININ;2023-09-05T12:22:20;override Generic Handcrafted;maximize Creative morph;1-925-365-3152 x984
7;FEMININ;2023-09-05T19:32:16;Gorgeous;Tools Mountains Solutions;355.545.0811
8;FEMININ;2023-09-05T06:52:22;Representative Facilitator;yellow;452-317-0187
9;FEMININ;2023-09-06T00:29:25;override Port communities;Architect extranet maroon;(644) 581-1508 x1184
10;MASCULIN;2023-09-05T07:52:04;Computer;Account Chief Beauty;669-294-4326 x01331
